0.000000000000000000e+00,1.457795500755310059e-01,2.458698451519012451e-01,2.722744941711425781e-01,2.456680685281753540e-01,3.112661838531494141e-01,3.642624020576477051e-01,4.872347116470336914e-01,5.742498636245727539e-01,5.534085631370544434e-01,7.020350098609924316e-01,8.112569451332092285e-01,9.228469133377075195e-01,9.794913530349731445e-01,8.803606629371643066e-01,9.732810854911804199e-01,9.406940937042236328e-01,1.109512448310852051e+00,1.049748063087463379e+00,1.203775048255920410e+00,1.176596045494079590e+00,9.745593667030334473e-01,1.093802809715270996e+00,1.196395874023437500e+00,1.173074483871459961e+00,1.077373385429382324e+00,1.037965297698974609e+00,1.167917251586914062e+00,1.170050621032714844e+00,1.283593416213989258e+00,1.393195986747741699e+00,1.298231959342956543e+00,1.322666883468627930e+00,1.434318661689758301e+00,1.434819936752319336e+00,1.473332881927490234e+00,1.566709518432617188e+00,1.678787708282470703e+00,1.790133953094482422e+00,1.766882300376892090e+00,1.879508495330810547e+00,1.408593416213989258e+00,1.404801487922668457e+00,1.535413265228271484e+00,1.576158165931701660e+00,1.286538958549499512e+00,1.273366570472717285e+00,1.130773305892944336e+00,9.970889687538146973e-01,1.610596418380737305e+00
1.457795500755310059e-01,0.000000000000000000e+00,1.524704694747924805e-01,2.400467246770858765e-01,1.530448198318481445e-01,2.429992854595184326e-01,2.421727329492568970e-01,3.792200982570648193e-01,4.592518210411071777e-01,4.382992684841156006e-01,5.886647105216979980e-01,6.965297460556030273e-01,8.177893161773681641e-01,8.728432655334472656e-01,7.516892552375793457e-01,8.462239503860473633e-01,8.187173604965209961e-01,9.815233945846557617e-01,9.316822290420532227e-01,1.077932238578796387e+00,1.055516719818115234e+00,8.802310824394226074e-01,1.006861090660095215e+00,1.109527349472045898e+00,1.087758898735046387e+00,1.007671594619750977e+00,9.722773432731628418e-01,1.101474523544311523e+00,1.113466262817382812e+00,1.228202104568481445e+00,1.330619692802429199e+00,1.252057313919067383e+00,1.235111594200134277e+00,1.348841071128845215e+00,1.362242937088012695e+00,1.408295392990112305e+00,1.478520750999450684e+00,1.587077736854553223e+00,1.693508982658386230e+00,1.661334514617919922e+00,1.771068811416625977e+00,1.339328408241271973e+00,1.348971605300903320e+00,1.481857061386108398e+00,1.516826629638671875e+00,1.235399723052978516e+00,1.238994359970092773e+00,1.105229735374450684e+00,9.636108875274658203e-01,1.565351963043212891e+00
2.458698451519012451e-01,1.524704694747924805e-01,0.000000000000000000e+00,1.230623722076416016e-01,2.504440248012542725e-01,2.731819152832031250e-01,1.326688081026077271e-01,2.427853047847747803e-01,3.339615166187286377e-01,3.373207151889801025e-01,4.585015475749969482e-01,5.753147006034851074e-01,6.846612095832824707e-01,7.358705997467041016e-01,6.488583683967590332e-01,7.542923092842102051e-01,7.416039109230041504e-01,8.868640661239624023e-01,8.631330728530883789e-01,9.910498857498168945e-01,9.804623126983642578e-01,7.474629282951354980e-01,8.685070276260375977e-01,9.784842133522033691e-01,9.660424590110778809e-01,8.638387918472290039e-01,8.222039937973022461e-01,9.498109817504882812e-01,9.611168503761291504e-01,1.076393365859985352e+00,1.178446888923645020e+00,1.102718114852905273e+00,1.101387381553649902e+00,1.219838380813598633e+00,1.234057426452636719e+00,1.275033473968505859e+00,1.346160888671875000e+00,1.460339069366455078e+00,1.564692497253417969e+00,1.535451650619506836e+00,1.643601536750793457e+00,1.219769239425659180e+00,1.233218193054199219e+00,1.371297001838684082e+00,1.412538766860961914e+00,1.128187656402587891e+00,1.136321187019348145e+00,1.015132665634155273e+00,8.614330291748046875e-01,1.452514410018920898e+00
2.722744941711425781e-01,2.400467246770858765e-01,1.230623722076416016e-01,0.000000000000000000e+00,3.569319248199462891e-01,3.631177842617034912e-01,2.248618602752685547e-01,2.775310873985290527e-01,3.609848320484161377e-01,3.692639768123626709e-01,4.746480584144592285e-01,5.885983109474182129e-01,6.789367794990539551e-01,7.332337498664855957e-01,6.864793300628662109e-01,7.899717688560485840e-01,7.770707011222839355e-01,9.205412268638610840e-01,8.962650895118713379e-01,1.023478627204895020e+00,1.012593269348144531e+00,7.258778214454650879e-01,8.356493711471557617e-01,9.465263485908508301e-01,9.357367157936096191e-01,8.107749819755554199e-01,7.660700082778930664e-01,8.961860537528991699e-01,9.018625020980834961e-01,1.018772363662719727e+00,1.125914096832275391e+00,1.041780233383178711e+00,1.068893909454345703e+00,1.185983419418334961e+00,1.187224149703979492e+00,1.219115614891052246e+00,1.313854813575744629e+00,1.433170199394226074e+00,1.542019844055175781e+00,1.524067401885986328e+00,1.635170817375183105e+00,1.173209190368652344e+00,1.175801634788513184e+00,1.314320087432861328e+00,1.363842844963073730e+00,1.070702314376831055e+00,1.066549062728881836e+00,9.446663856506347656e-01,7.905154228210449219e-01,1.387239933013916016e+00
2.456680685281753540e-01,1.530448198318481445e-01,2.504440248012542725e-01,3.569319248199462891e-01,0.000000000000000000e+00,1.416806727647781372e-01,2.783956825733184814e-01,4.189635217189788818e-01,5.156776905059814453e-01,5.128362178802490234e-01,6.351985335350036621e-01,7.504429817199707031e-01,8.751773834228515625e-01,9.151311516761779785e-01,7.834006547927856445e-01,8.864490389823913574e-01,8.717487454414367676e-01,1.016358256340026855e+00,9.885016083717346191e-01,1.118433237075805664e+00,1.105821251869201660e+00,9.550897479057312012e-01,1.083374738693237305e+00,1.192308783531188965e+00,1.178305149078369141e+00,1.094501614570617676e+00,1.049190282821655273e+00,1.168487668037414551e+00,1.174159407615661621e+00,1.281510472297668457e+00,1.382526755332946777e+00,1.299717426300048828e+00,1.313590407371520996e+00,1.432774305343627930e+00,1.459117412567138672e+00,1.507297277450561523e+00,1.555776357650756836e+00,1.663893818855285645e+00,1.761584162712097168e+00,1.718005895614624023e+00,1.819897174835205078e+00,1.443492293357849121e+00,1.464078783988952637e+00,1.599521398544311523e+00,1.631992578506469727e+00,1.356499314308166504e+00,1.369785308837890625e+00,1.242516279220581055e+00,1.096065402030944824e+00,1.686875104904174805e+00
3.112661838531494141e-01,2.429992854595184326e-01,2.731819152832031250e-01,3.631177842617034912e-01,1.416806727647781372e-01,0.000000000000000000e+00,2.784890234470367432e-01,3.929611444473266602e-01,5.195271372795104980e-01,5.492997169494628906e-01,6.239302158355712891e-01,7.545324563980102539e-01,8.645948767662048340e-01,8.871903419494628906e-01,7.939855456352233887e-01,9.137139320373535156e-01,9.193165302276611328e-01,1.037532567977905273e+00,1.045128703117370605e+00,1.150729894638061523e+00,1.154119491577148438e+00,9.532809257507324219e-01,1.072391033172607422e+00,1.193647265434265137e+00,1.194127321243286133e+00,1.075887084007263184e+00,1.012208938598632812e+00,1.119852304458618164e+00,1.110513925552368164e+00,1.209297299385070801e+00,1.313961863517761230e+00,1.216527819633483887e+00,1.308737993240356445e+00,1.435867667198181152e+00,1.465776920318603516e+00,1.505783319473266602e+00,1.551268935203552246e+00,1.666917085647583008e+00,1.757909178733825684e+00,1.713041663169860840e+00,1.807994127273559570e+00,1.462513208389282227e+00,1.487214565277099609e+00,1.628341794013977051e+00,1.668424367904663086e+00,1.389354467391967773e+00,1.404080510139465332e+00,1.287274956703186035e+00,1.130758166313171387e+00,1.711442470550537109e+00
3.642624020576477051e-01,2.421727329492568970e-01,1.326688081026077271e-01,2.248618602752685547e-01,2.783956825733184814e-01,2.784890234470367432e-01,0.000000000000000000e+00,1.446466743946075439e-01,2.460181713104248047e-01,2.765595018863677979e-01,3.634013235569000244e-01,4.871686398983001709e-01,6.019955277442932129e-01,6.429325342178344727e-01,5.448006391525268555e-01,6.608785390853881836e-01,6.648526191711425781e-01,7.890723347663879395e-01,7.936528921127319336e-01,9.005144238471984863e-01,9.024828672409057617e-01,6.825076937675476074e-01,8.073933720588684082e-01,9.216073155403137207e-01,9.170311689376831055e-01,8.200844526290893555e-01,7.761600017547607422e-01,8.967105150222778320e-01,9.133467674255371094e-01,1.025654673576354980e+00,1.120433211326599121e+00,1.057783126831054688e+00,1.040278315544128418e+00,1.163405776023864746e+00,1.192992925643920898e+00,1.238686442375183105e+00,1.283206224441528320e+00,1.395867466926574707e+00,1.492130875587463379e+00,1.452687025070190430e+00,1.555022954940795898e+00,1.186937212944030762e+00,1.215796828269958496e+00,1.356630444526672363e+00,1.394169211387634277e+00,1.120416283607482910e+00,1.145686745643615723e+00,1.038802266120910645e+00,8.779462575912475586e-01,1.443938732147216797e+00
4.872347116470336914e-01,3.792200982570648193e-01,2.427853047847747803e-01,2.775310873985290527e-01,4.189635217189788818e-01,3.929611444473266602e-01,1.446466743946075439e-01,0.000000000000000000e+00,1.520398408174514771e-01,2.415457814931869507e-01,2.409943789243698120e-01,3.791012465953826904e-01,4.756956994533538818e-01,5.073632001876831055e-01,4.558993875980377197e-01,5.848585963249206543e-01,6.109184622764587402e-01,7.047485113143920898e-01,7.456256151199340820e-01,8.244106769561767578e-01,8.421733379364013672e-01,5.620346069335937500e-01,6.796538233757019043e-01,8.025819659233093262e-01,8.109626770019531250e-01,6.916829347610473633e-01,6.404729485511779785e-01,7.563810944557189941e-01,7.750514149665832520e-01,8.871418833732604980e-01,9.786435365676879883e-01,9.247819781303405762e-01,9.160166382789611816e-01,1.044670462608337402e+00,1.078796863555908203e+00,1.120080351829528809e+00,1.158650994300842285e+00,1.276366114616394043e+00,1.368417620658874512e+00,1.330084323883056641e+00,1.429461240768432617e+00,1.083903312683105469e+00,1.120191335678100586e+00,1.265256881713867188e+00,1.307754635810852051e+00,1.037295937538146973e+00,1.070949673652648926e+00,9.821786880493164062e-01,8.123341798782348633e-01,1.350882649421691895e+00
5.742498636245727539e-01,4.592518210411071777e-01,3.339615166187286377e-01,3.609848320484161377e-01,5.156776905059814453e-01,5.195271372795104980e-01,2.460181713104248047e-01,1.520398408174514771e-01,0.000000000000000000e+00,1.234048157930374146e-01,1.330904513597488403e-01,2.434286475181579590e-01,3.615866899490356445e-01,4.195728302001953125e-01,3.272599279880523682e-01,4.439859688282012939e-01,4.638003706932067871e-01,5.686045289039611816e-01,5.976460576057434082e-01,6.823536157608032227e-01,6.946244835853576660e-01,4.416241347789764404e-01,5.726667046546936035e-01,6.818053722381591797e-01,6.794482469558715820e-01,6.064384579658508301e-01,5.851114988327026367e-01,7.102411389350891113e-01,7.571071386337280273e-01,8.763531446456909180e-01,9.538118839263916016e-01,9.346963167190551758e-01,8.000144958496093750e-01,9.221437573432922363e-01,9.603064060211181641e-01,1.012717247009277344e+00,1.041177272796630859e+00,1.151188969612121582e+00,1.247364163398742676e+00,1.208790063858032227e+00,1.314352512359619141e+00,9.586960673332214355e-01,1.001386284828186035e+00,1.143393397331237793e+00,1.177924036979675293e+00,9.179327487945556641e-01,9.642505049705505371e-01,8.816323280334472656e-01,7.152238488197326660e-01,1.236528873443603516e+00
5.534085631370544434e-01,4.382992684841156006e-01,3.373207151889801025e-01,3.692639768123626709e-01,5.128362178802490234e-01,5.492997169494628906e-01,2.765595018863677979e-01,2.415457814931869507e-01,1.234048157930374146e-01,0.000000000000000000e+00,2.249933034181594849e-01,2.764008343219757080e-01,4.111960232257843018e-01,4.933856725692749023e-01,3.451357483863830566e-01,4.273936748504638672e-01,4.098044335842132568e-01,5.626710057258605957e-01,5.343129038810729980e-01,6.591903567314147949e-01,6.472324132919311523e-01,4.677762389183044434e-01,6.074132323265075684e-01,6.953557133674621582e-01,6.708270311355590820e-01,6.475564837455749512e-01,6.512714624404907227e-01,7.859734296798706055e-01,8.451165556907653809e-01,9.691931605339050293e-01,1.042942404747009277e+00,1.033784747123718262e+00,8.209211826324462891e-01,9.305936694145202637e-01,9.616699814796447754e-01,1.023227334022521973e+00,1.059096336364746094e+00,1.159498929977416992e+00,1.264189720153808594e+00,1.228918790817260742e+00,1.342432618141174316e+00,9.432361721992492676e-01,9.789386391639709473e-01,1.114148259162902832e+00,1.140208244323730469e+00,8.818793296813964844e-01,9.254368543624877930e-01,8.286470770835876465e-01,6.735807657241821289e-01,1.211904883384704590e+00
7.020350098609924316e-01,5.886647105216979980e-01,4.585015475749969482e-01,4.746480584144592285e-01,6.351985335350036621e-01,6.239302158355712891e-01,3.634013235569000244e-01,2.409943789243698120e-01,1.330904513597488403e-01,2.249933034181594849e-01,0.000000000000000000e+00,1.458760201930999756e-01,2.422701716423034668e-01,2.878064811229705811e-01,2.465206235647201538e-01,3.778798580169677734e-01,4.324606359004974365e-01,4.850299358367919922e-01,5.673662424087524414e-01,6.084080338478088379e-01,6.430271267890930176e-01,3.431255519390106201e-01,4.683755040168762207e-01,5.852909684181213379e-01,5.997572541236877441e-01,5.171161293983459473e-01,4.944220781326293945e-01,6.085785031318664551e-01,6.650139689445495605e-01,7.806705832481384277e-01,8.475307822227478027e-01,8.487887382507324219e-01,6.949328184127807617e-01,8.232526779174804688e-01,8.741397261619567871e-01,9.257026910781860352e-01,9.332208037376403809e-01,1.045801401138305664e+00,1.134301066398620605e+00,1.091590166091918945e+00,1.192301034927368164e+00,8.863611817359924316e-01,9.433622956275939941e-01,1.087768554687500000e+00,1.123657464981079102e+00,8.772634267807006836e-01,9.384643435478210449e-01,8.798039555549621582e-01,7.103090882301330566e-01,1.181644320487976074e+00
8.112569451332092285e-01,6.965297460556030273e-01,5.753147006034851074e-01,5.885983109474182129e-01,7.504429817199707031e-01,7.545324563980102539e-01,4.871686398983001709e-01,3.791012465953826904e-01,2.434286475181579590e-01,2.764008343219757080e-01,1.458760201930999756e-01,0.000000000000000000e+00,1.518892198801040649e-01,2.391157746315002441e-01,1.528733670711517334e-01,2.536422610282897949e-01,3.164529502391815186e-01,3.557721078395843506e-01,4.441462159156799316e-01,4.729434251785278320e-01,5.089467167854309082e-01,2.423464357852935791e-01,3.802015185356140137e-01,4.743561148643493652e-01,4.792668819427490234e-01,4.637235105037689209e-01,4.807458221912384033e-01,5.936983823776245117e-01,6.791074275970458984e-01,7.952817082405090332e-01,8.430828452110290527e-01,8.821170926094055176e-01,5.856204628944396973e-01,7.056149840354919434e-01,7.654384970664978027e-01,8.300195336341857910e-01,8.185012340545654297e-01,9.214920401573181152e-01,1.012650012969970703e+00,9.684597253799438477e-01,1.075135707855224609e+00,7.732270956039428711e-01,8.417106270790100098e-01,9.812828302383422852e-01,1.007786989212036133e+00,7.811546325683593750e-01,8.598861694335937500e-01,8.158412575721740723e-01,6.562910676002502441e-01,1.083031892776489258e+00
9.228469133377075195e-01,8.177893161773681641e-01,6.846612095832824707e-01,6.789367794990539551e-01,8.751773834228515625e-01,8.645948767662048340e-01,6.019955277442932129e-01,4.756956994533538818e-01,3.615866899490356445e-01,4.111960232257843018e-01,2.422701716423034668e-01,1.518892198801040649e-01,0.000000000000000000e+00,1.234753131866455078e-01,2.506799995899200439e-01,3.224009871482849121e-01,4.062728881835937500e-01,3.755289018154144287e-01,5.122954845428466797e-01,4.880807697772979736e-01,5.467836856842041016e-01,1.330573111772537231e-01,2.442001849412918091e-01,3.580470085144042969e-01,3.953793942928314209e-01,3.378027677536010742e-01,3.576682507991790771e-01,4.568854272365570068e-01,5.557489991188049316e-01,6.682292819023132324e-01,7.046685218811035156e-01,7.660994529724121094e-01,4.576860070228576660e-01,5.890442132949829102e-01,6.542062163352966309e-01,7.090657353401184082e-01,6.925594210624694824e-01,8.067907691001892090e-01,8.934401869773864746e-01,8.559445738792419434e-01,9.601243734359741211e-01,6.825852394104003906e-01,7.603344917297363281e-01,9.036653041839599609e-01,9.397660493850708008e-01,7.233604788780212402e-01,8.097140192985534668e-01,7.950963973999023438e-01,6.350926756858825684e-01,9.988688230514526367e-01
9.794914722442626953e-01,8.728433847427368164e-01,7.358707785606384277e-01,7.332339286804199219e-01,9.151312708854675293e-01,8.871905207633972168e-01,6.429327130317687988e-01,5.073634386062622070e-01,4.195731282234191895e-01,4.933859109878540039e-01,2.878068983554840088e-01,2.391157746315002441e-01,1.234753131866455078e-01,0.000000000000000000e+00,3.012560904026031494e-01,3.903126716613769531e-01,4.974013864994049072e-01,4.181113243103027344e-01,6.031824946403503418e-01,5.393202900886535645e-01,6.208407282829284668e-01,2.259587049484252930e-01,2.799708545207977295e-01,4.067728519439697266e-01,4.722068607807159424e-01,3.657177686691284180e-01,3.486307561397552490e-01,4.129433631896972656e-01,4.998795986175537109e-01,5.987373590469360352e-01,6.297955513000488281e-01,6.940069198608398438e-01,4.787943065166473389e-01,6.186535954475402832e-01,6.973472833633422852e-01,7.412548661231994629e-01,6.997942328453063965e-01,8.196486830711364746e-01,8.886587023735046387e-01,8.418595194816589355e-01,9.310399293899536133e-01,7.459387779235839844e-01,8.323082923889160156e-01,9.756758213043212891e-01,1.016104459762573242e+00,8.124812245368957520e-01,9.008728265762329102e-01,8.987406492233276367e-01,7.374939918518066406e-01,1.065328717231750488e+00
8.803606629371643066e-01,7.516892552375793457e-01,6.488583683967590332e-01,6.864793300628662109e-01,7.834006547927856445e-01,7.939855456352233887e-01,5.448006391525268555e-01,4.558993875980377197e-01,3.272599279880523682e-01,3.451357483863830566e-01,2.465206235647201538e-01,1.528733670711517334e-01,2.506799995899200439e-01,3.012560904026031494e-01,0.000000000000000000e+00,1.500478088855743408e-01,2.506219744682312012e-01,2.509143352508544922e-01,3.782213330268859863e-01,3.782667219638824463e-01,4.279603362083435059e-01,3.451934456825256348e-01,4.718378782272338867e-01,5.432997345924377441e-01,5.441197156906127930e-01,5.825080871582031250e-01,6.056603193283081055e-01,7.007914781570434570e-01,7.897921800613403320e-01,8.959091901779174805e-01,9.307985305786132812e-01,9.851090908050537109e-01,6.406919956207275391e-01,7.511610984802246094e-01,8.324685096740722656e-01,9.094796180725097656e-01,8.529835939407348633e-01,9.395002126693725586e-01,1.018448233604431152e+00,9.539508223533630371e-01,1.053081512451171875e+00,8.396925926208496094e-01,9.236000776290893555e-01,1.054436802864074707e+00,1.065985321998596191e+00,8.688526749610900879e-01,9.621831774711608887e-01,9.230207800865173340e-01,7.753820419311523438e-01,1.164965391159057617e+00
9.732810854911804199e-01,8.462239503860473633e-01,7.542923092842102051e-01,7.899717688560485840e-01,8.864490389823913574e-01,9.137139320373535156e-01,6.608785390853881836e-01,5.848585963249206543e-01,4.439859688282012939e-01,4.273936748504638672e-01,3.778798580169677734e-01,2.536422610282897949e-01,3.224009871482849121e-01,3.903126716613769531e-01,1.500478088855743408e-01,0.000000000000000000e+00,1.384464651346206665e-01,1.384765952825546265e-01,2.406751066446304321e-01,2.405215203762054443e-01,2.779118120670318604e-01,3.706505000591278076e-01,4.879925847053527832e-01,5.168470144271850586e-01,4.942158758640289307e-01,6.168978810310363770e-01,6.728439331054687500e-01,7.669916152954101562e-01,8.739290237426757812e-01,9.799655079841613770e-01,1.001308798789978027e+00,1.080412507057189941e+00,6.100167036056518555e-01,6.978152990341186523e-01,7.837381958961486816e-01,8.759969472885131836e-01,8.022400140762329102e-01,8.688765764236450195e-01,9.516768455505371094e-01,8.855187892913818359e-01,9.920442700386047363e-01,7.773733735084533691e-01,8.678507804870605469e-01,9.862620830535888672e-01,9.821990132331848145e-01,8.139285445213317871e-01,9.201364517211914062e-01,8.887888193130493164e-01,7.612171769142150879e-01,1.105089426040649414e+00
9.406940937042236328e-01,8.187173604965209961e-01,7.416039109230041504e-01,7.770707011222839355e-01,8.717487454414367676e-01,9.193165302276611328e-01,6.648526191711425781e-01,6.109184622764587402e-01,4.638003706932067871e-01,4.098044335842132568e-01,4.324606359004974365e-01,3.164529502391815186e-01,4.062728881835937500e-01,4.974013864994049072e-01,2.506219744682312012e-01,1.384464651346206665e-01,0.000000000000000000e+00,2.381726652383804321e-01,1.382336169481277466e-01,2.756177783012390137e-01,2.390140444040298462e-01,4.265966117382049561e-01,5.507773756980895996e-01,5.610251426696777344e-01,5.084435939788818359e-01,6.683768033981323242e-01,7.389398813247680664e-01,8.483241200447082520e-01,9.579107761383056641e-01,1.071668267250061035e+00,1.098493099212646484e+00,1.172101855278015137e+00,6.652097105979919434e-01,7.368984818458557129e-01,8.048256039619445801e-01,9.035285115242004395e-01,8.551384210586547852e-01,9.124207496643066406e-01,1.008689403533935547e+00,9.535087347030639648e-01,1.070077300071716309e+00,7.753840088844299316e-01,8.513461947441101074e-01,9.617401361465454102e-01,9.491271376609802246e-01,7.781902551651000977e-01,8.772034645080566406e-01,8.283043503761291504e-01,7.148931026458740234e-01,1.084012866020202637e+00
1.109512329101562500e+00,9.815232753753662109e-01,8.868639469146728516e-01,9.205411076545715332e-01,1.016358137130737305e+00,1.037532567977905273e+00,7.890721559524536133e-01,7.047486901283264160e-01,5.686042904853820801e-01,5.626707673072814941e-01,4.850296974182128906e-01,3.557721078395843506e-01,3.755289018154144287e-01,4.181113243103027344e-01,2.509143352508544922e-01,1.384765952825546265e-01,2.381726652383804321e-01,0.000000000000000000e+00,2.758119106292724609e-01,1.381309628486633301e-01,2.390783727169036865e-01,4.115698337554931641e-01,4.969712495803833008e-01,5.025571584701538086e-01,4.905214607715606689e-01,6.423717737197875977e-01,7.068970203399658203e-01,7.796538472175598145e-01,8.950866460800170898e-01,9.900324940681457520e-01,9.931648969650268555e-01,1.098001718521118164e+00,5.701826810836791992e-01,6.462020874023437500e-01,7.523267865180969238e-01,8.493974804878234863e-01,7.323762774467468262e-01,7.852994203567504883e-01,8.542269468307495117e-01,7.747844457626342773e-01,8.749190568923950195e-01,7.562198042869567871e-01,8.641635775566101074e-01,9.740315675735473633e-01,9.624300003051757812e-01,8.316162228584289551e-01,9.531244039535522461e-01,9.457868933677673340e-01,8.285557031631469727e-01,1.094803333282470703e+00
1.049748182296752930e+00,9.316823482513427734e-01,8.631331920623779297e-01,8.962652087211608887e-01,9.885017275810241699e-01,1.045128822326660156e+00,7.936527729034423828e-01,7.456257939338684082e-01,5.976458787918090820e-01,5.343131422996520996e-01,5.673662424087524414e-01,4.441462159156799316e-01,5.122954845428466797e-01,6.031824946403503418e-01,3.782213330268859863e-01,2.406751066446304321e-01,1.382336169481277466e-01,2.758119106292724609e-01,0.000000000000000000e+00,2.390035688877105713e-01,1.380256265401840210e-01,5.081696510314941406e-01,6.141822934150695801e-01,5.903409123420715332e-01,5.198351740837097168e-01,7.377052307128906250e-01,8.274585008621215820e-01,9.321446418762207031e-01,1.051799654960632324e+00,1.163453340530395508e+00,1.179933309555053711e+00,1.270848274230957031e+00,6.833103299140930176e-01,7.290922999382019043e-01,7.967353463172912598e-01,9.060397744178771973e-01,8.449048995971679688e-01,8.802859187126159668e-01,9.780328273773193359e-01,9.239019751548767090e-01,1.044355154037475586e+00,7.535353899002075195e-01,8.318836688995361328e-01,9.252028465270996094e-01,8.955326676368713379e-01,7.612425088882446289e-01,8.691602349281311035e-01,8.292250633239746094e-01,7.414918541908264160e-01,1.053120613098144531e+00
1.203775048255920410e+00,1.077932357788085938e+00,9.910497665405273438e-01,1.023478507995605469e+00,1.118433117866516113e+00,1.150729894638061523e+00,9.005145430564880371e-01,8.244107961654663086e-01,6.823537945747375488e-01,6.591901779174804688e-01,6.084080338478088379e-01,4.729434251785278320e-01,4.880807697772979736e-01,5.393202900886535645e-01,3.782667219638824463e-01,2.405215203762054443e-01,2.756177783012390137e-01,1.381309628486633301e-01,2.390035688877105713e-01,0.000000000000000000e+00,1.380446255207061768e-01,4.954984188079833984e-01,5.661988854408264160e-01,5.348520874977111816e-01,5.022382736206054688e-01,7.140939235687255859e-01,7.988069057464599609e-01,8.698285818099975586e-01,9.946504831314086914e-01,1.088387012481689453e+00,1.082145452499389648e+00,1.202533602714538574e+00,5.908354520797729492e-01,6.369506120681762695e-01,7.434889078140258789e-01,8.518849611282348633e-01,7.199423313140869141e-01,7.472497820854187012e-01,8.172171115875244141e-01,7.373351454734802246e-01,8.424985408782958984e-01,7.337552905082702637e-01,8.450675606727600098e-01,9.380583763122558594e-01,9.097199440002441406e-01,8.159824013710021973e-01,9.459998011589050293e-01,9.469828009605407715e-01,8.519567847251892090e-01,1.064303278923034668e+00
1.176595926284790039e+00,1.055516600608825684e+00,9.804624319076538086e-01,1.012593150138854980e+00,1.105821132659912109e+00,1.154119491577148438e+00,9.024827480316162109e-01,8.421734571456909180e-01,6.946243047714233398e-01,6.472322344779968262e-01,6.430271267890930176e-01,5.089467167854309082e-01,5.467836856842041016e-01,6.208407282829284668e-01,4.279603362083435059e-01,2.779118120670318604e-01,2.390140444040298462e-01,2.390783727169036865e-01,1.380256265401840210e-01,1.380446255207061768e-01,0.000000000000000000e+00,5.384880900382995605e-01,6.210927963256835938e-01,5.780035257339477539e-01,5.167900323867797852e-01,7.587887644767761230e-01,8.547781109809875488e-01,9.419247508049011230e-01,1.068641543388366699e+00,1.171096086502075195e+00,1.172241687774658203e+00,1.284899711608886719e+00,6.481313109397888184e-01,6.802862882614135742e-01,7.663089036941528320e-01,8.806213140487670898e-01,7.792226672172546387e-01,7.985103726387023926e-01,8.839923143386840820e-01,8.188433647155761719e-01,9.341489076614379883e-01,7.323878407478332520e-01,8.287070989608764648e-01,9.129998087882995605e-01,8.748832941055297852e-01,7.808527350425720215e-01,9.046180844306945801e-01,8.906221985816955566e-01,8.107958436012268066e-01,1.043053865432739258e+00
9.745592474937438965e-01,8.802309632301330566e-01,7.474627494812011719e-01,7.258776426315307617e-01,9.550896286964416504e-01,9.532808065414428711e-01,6.825075149536132812e-01,5.620344281196594238e-01,4.416244029998779297e-01,4.677760004997253418e-01,3.431259095668792725e-01,2.423464357852935791e-01,1.330573111772537231e-01,2.259587049484252930e-01,3.451934456825256348e-01,3.706505000591278076e-01,4.265966117382049561e-01,4.115698337554931641e-01,5.081696510314941406e-01,4.954984188079833984e-01,5.384880900382995605e-01,0.000000000000000000e+00,1.453299224376678467e-01,2.425853759050369263e-01,2.719437181949615479e-01,2.473962604999542236e-01,3.197895586490631104e-01,4.293527901172637939e-01,5.481641292572021484e-01,6.649901270866394043e-01,6.938881874084472656e-01,7.729587554931640625e-01,3.586275279521942139e-01,4.831338822841644287e-01,5.323796272277832031e-01,5.893971323966979980e-01,6.011630892753601074e-01,7.167463302612304688e-01,8.181217312812805176e-01,7.996346950531005859e-01,9.159178733825683594e-01,5.543873906135559082e-01,6.277128458023071289e-01,7.719203829765319824e-01,8.114133477210998535e-01,5.925239920616149902e-01,6.819114685058593750e-01,6.799107193946838379e-01,5.269482135772705078e-01,8.663326501846313477e-01
1.093802809715270996e+00,1.006861090660095215e+00,8.685070276260375977e-01,8.356493711471557617e-01,1.083374738693237305e+00,1.072391033172607422e+00,8.073933720588684082e-01,6.796538233757019043e-01,5.726667046546936035e-01,6.074132323265075684e-01,4.683755040168762207e-01,3.802015185356140137e-01,2.442001849412918091e-01,2.799708545207977295e-01,4.718378782272338867e-01,4.879925847053527832e-01,5.507773756980895996e-01,4.969712495803833008e-01,6.141822934150695801e-01,5.661988854408264160e-01,6.210927963256835938e-01,1.453299224376678467e-01,0.000000000000000000e+00,1.520116031169891357e-01,2.400943934917449951e-01,1.535945236682891846e-01,2.570173442363739014e-01,3.343928158283233643e-01,4.713378548622131348e-01,5.780466198921203613e-01,5.887780785560607910e-01,6.974502205848693848e-01,2.417401522397994995e-01,3.786288201808929443e-01,4.276486635208129883e-01,4.689162969589233398e-01,4.851388037204742432e-01,6.150198578834533691e-01,7.134099602699279785e-01,7.096362113952636719e-01,8.237659335136413574e-01,4.778497517108917236e-01,5.594397187232971191e-01,7.040906548500061035e-01,7.552128434181213379e-01,5.573257207870483398e-01,6.517682075500488281e-01,6.855823397636413574e-01,5.446290969848632812e-01,7.879242897033691406e-01
1.196395874023437500e+00,1.109527349472045898e+00,9.784842133522033691e-01,9.465263485908508301e-01,1.192308783531188965e+00,1.193647265434265137e+00,9.216073155403137207e-01,8.025819659233093262e-01,6.818053722381591797e-01,6.953557133674621582e-01,5.852909684181213379e-01,4.743561148643493652e-01,3.580470085144042969e-01,4.067728519439697266e-01,5.432997345924377441e-01,5.168470144271850586e-01,5.610251426696777344e-01,5.025571584701538086e-01,5.903409123420715332e-01,5.348520874977111816e-01,5.780035257339477539e-01,2.425853759050369263e-01,1.520116031169891357e-01,0.000000000000000000e+00,1.233932226896286011e-01,2.497027516365051270e-01,3.856615126132965088e-01,4.444751441478729248e-01,5.886578559875488281e-01,6.847061514854431152e-01,6.752020716667175293e-01,8.105177283287048340e-01,1.330958306789398193e-01,2.428081333637237549e-01,2.977380752563476562e-01,3.665851056575775146e-01,3.709276318550109863e-01,4.874702692031860352e-01,6.018521785736083984e-01,6.114487051963806152e-01,7.398753166198730469e-01,3.412621319293975830e-01,4.427303075790405273e-01,5.780395269393920898e-01,6.185472011566162109e-01,4.583229124546051025e-01,5.758403539657592773e-01,6.361452341079711914e-01,5.262485146522521973e-01,6.713789701461791992e-01
1.173074483871459961e+00,1.087758898735046387e+00,9.660424590110778809e-01,9.357367157936096191e-01,1.178305149078369141e+00,1.194127321243286133e+00,9.170311689376831055e-01,8.109626770019531250e-01,6.794482469558715820e-01,6.708270311355590820e-01,5.997572541236877441e-01,4.792668819427490234e-01,3.953793942928314209e-01,4.722068607807159424e-01,5.441197156906127930e-01,4.942158758640289307e-01,5.084435939788818359e-01,4.905214607715606689e-01,5.198351740837097168e-01,5.022382736206054688e-01,5.167900323867797852e-01,2.719437181949615479e-01,2.400943934917449951e-01,1.233932226896286011e-01,0.000000000000000000e+00,3.252125382423400879e-01,4.690827727317810059e-01,5.496982336044311523e-01,6.903367638587951660e-01,7.938071489334106445e-01,7.918298840522766113e-01,9.163674712181091309e-01,2.256747037172317505e-01,2.772605717182159424e-01,3.045859634876251221e-01,3.963803350925445557e-01,4.247609078884124756e-01,5.150982737541198730e-01,6.446387171745300293e-01,6.585162878036499023e-01,7.968538999557495117e-01,2.967468798160552979e-01,3.889465928077697754e-01,5.201177597045898438e-01,5.469664335250854492e-01,3.767509758472442627e-01,5.029112100601196289e-01,5.521880388259887695e-01,4.562412798404693604e-01,6.271923780441284180e-01
1.077373504638671875e+00,1.007671713829040527e+00,8.638389706611633301e-01,8.107751011848449707e-01,1.094501733779907227e+00,1.075887203216552734e+00,8.200846314430236816e-01,6.916827559471130371e-01,6.064382195472717285e-01,6.475563049316406250e-01,5.171158909797668457e-01,4.637235105037689209e-01,3.378027677536010742e-01,3.657177686691284180e-01,5.825080871582031250e-01,6.168978810310363770e-01,6.683768033981323242e-01,6.423717737197875977e-01,7.377052307128906250e-01,7.140939235687255859e-01,7.587887644767761230e-01,2.473962604999542236e-01,1.535945236682891846e-01,2.497027516365051270e-01,3.252125382423400879e-01,0.000000000000000000e+00,1.518248468637466431e-01,2.505991458892822266e-01,3.777230381965637207e-01,4.932764470577239990e-01,5.220621824264526367e-01,6.063202619552612305e-01,3.180457949638366699e-01,4.411213696002960205e-01,4.445155262947082520e-01,4.494583010673522949e-01,5.428802371025085449e-01,6.840811371803283691e-01,7.862592935562133789e-01,8.049349188804626465e-01,9.159971475601196289e-01,4.981387853622436523e-01,5.468667149543762207e-01,6.967563629150390625e-01,7.696899175643920898e-01,5.442699790000915527e-01,6.085553765296936035e-01,6.430041193962097168e-01,4.962756335735321045e-01,7.598874568939208984e-01
1.037965297698974609e+00,9.722774624824523926e-01,8.222041726112365723e-01,7.660701870918273926e-01,1.049190402030944824e+00,1.012209057807922363e+00,7.761601805686950684e-01,6.404731273651123047e-01,5.851117372512817383e-01,6.512716412544250488e-01,4.944218397140502930e-01,4.807458221912384033e-01,3.576682507991790771e-01,3.486307561397552490e-01,6.056603193283081055e-01,6.728439331054687500e-01,7.389398813247680664e-01,7.068970203399658203e-01,8.274585008621215820e-01,7.988069057464599609e-01,8.547781109809875488e-01,3.197895586490631104e-01,2.570173442363739014e-01,3.856615126132965088e-01,4.690827727317810059e-01,1.518248468637466431e-01,0.000000000000000000e+00,1.518169939517974854e-01,2.467028647661209106e-01,3.738758265972137451e-01,4.305309057235717773e-01,4.753713309764862061e-01,4.398687779903411865e-01,5.715405344963073730e-01,5.827994942665100098e-01,5.718440413475036621e-01,6.535055041313171387e-01,8.007684350013732910e-01,8.871262669563293457e-01,8.968279957771301270e-01,9.931255578994750977e-01,6.460601091384887695e-01,6.899671554565429688e-01,8.390501141548156738e-01,9.173371791839599609e-01,6.860638260841369629e-01,7.350504398345947266e-01,7.557926774024963379e-01,5.979519486427307129e-01,8.926728963851928711e-01
1.167917132377624512e+00,1.101474404335021973e+00,9.498108029365539551e-01,8.961859345436096191e-01,1.168487548828125000e+00,1.119852185249328613e+00,8.967103958129882812e-01,7.563809156417846680e-01,7.102409601211547852e-01,7.859734296798706055e-01,6.085785031318664551e-01,5.936983823776245117e-01,4.568854272365570068e-01,4.129433631896972656e-01,7.007914781570434570e-01,7.669916152954101562e-01,8.483241200447082520e-01,7.796538472175598145e-01,9.321446418762207031e-01,8.698285818099975586e-01,9.419247508049011230e-01,4.293527901172637939e-01,3.343928158283233643e-01,4.444751441478729248e-01,5.496982336044311523e-01,2.505991458892822266e-01,1.518169939517974854e-01,0.000000000000000000e+00,1.459585279226303101e-01,2.465467303991317749e-01,2.814656496047973633e-01,3.669978380203247070e-01,4.551978111267089844e-01,5.820737481117248535e-01,6.039128303527832031e-01,5.735654830932617188e-01,6.298602819442749023e-01,7.812768816947937012e-01,8.467762470245361328e-01,8.577694296836853027e-01,9.369944334030151367e-01,6.924399733543395996e-01,7.465578913688659668e-01,8.877596855163574219e-01,9.700388312339782715e-01,7.708734869956970215e-01,8.254306316375732422e-01,8.702978491783142090e-01,7.242774963378906250e-01,9.306948781013488770e-01
1.170050621032714844e+00,1.113466262817382812e+00,9.611168503761291504e-01,9.018625020980834961e-01,1.174159407615661621e+00,1.110513925552368164e+00,9.133467674255371094e-01,7.750514149665832520e-01,7.571071386337280273e-01,8.451165556907653809e-01,6.650139689445495605e-01,6.791074275970458984e-01,5.557489991188049316e-01,4.998795986175537109e-01,7.897921800613403320e-01,8.739290237426757812e-01,9.579107761383056641e-01,8.950866460800170898e-01,1.051799654960632324e+00,9.946504831314086914e-01,1.068641543388366699e+00,5.481641292572021484e-01,4.713378548622131348e-01,5.886578559875488281e-01,6.903367638587951660e-01,3.777230381965637207e-01,2.467028647661209106e-01,1.459585279226303101e-01,0.000000000000000000e+00,1.329542398452758789e-01,2.300462871789932251e-01,2.301157116889953613e-01,6.003433465957641602e-01,7.245242595672607422e-01,7.395722866058349609e-01,6.976060867309570312e-01,7.642136812210083008e-01,9.158111810684204102e-01,9.730274081230163574e-01,9.836965203285217285e-01,1.051951169967651367e+00,8.279745578765869141e-01,8.712131977081298828e-01,1.011259913444519043e+00,1.099972248077392578e+00,8.919214606285095215e-01,9.309970140457153320e-01,9.667983651161193848e-01,8.171914219856262207e-01,1.044006347656250000e+00
1.283593416213989258e+00,1.228202104568481445e+00,1.076393365859985352e+00,1.018772363662719727e+00,1.281510472297668457e+00,1.209297299385070801e+00,1.025654673576354980e+00,8.871418833732604980e-01,8.763531446456909180e-01,9.691931605339050293e-01,7.806705832481384277e-01,7.952817082405090332e-01,6.682292819023132324e-01,5.987373590469360352e-01,8.959091901779174805e-01,9.799655079841613770e-01,1.071668267250061035e+00,9.900324940681457520e-01,1.163453340530395508e+00,1.088387012481689453e+00,1.171096086502075195e+00,6.649901270866394043e-01,5.780466198921203613e-01,6.847061514854431152e-01,7.938071489334106445e-01,4.932764470577239990e-01,3.738758265972137451e-01,2.465472221374511719e-01,1.329542398452758789e-01,0.000000000000000000e+00,1.325753331184387207e-01,1.326544284820556641e-01,6.753895282745361328e-01,7.912992835044860840e-01,8.106245994567871094e-01,7.572674155235290527e-01,8.076658844947814941e-01,9.566598534584045410e-01,9.965763092041015625e-01,1.007951021194458008e+00,1.059853792190551758e+00,9.107620716094970703e-01,9.574660062789916992e-01,1.090516328811645508e+00,1.181438446044921875e+00,9.930921792984008789e-01,1.033206105232238770e+00,1.081259727478027344e+00,9.383261799812316895e-01,1.114649772644042969e+00
1.393195986747741699e+00,1.330619692802429199e+00,1.178446888923645020e+00,1.125914096832275391e+00,1.382526755332946777e+00,1.313961863517761230e+00,1.120433211326599121e+00,9.786435365676879883e-01,9.538118839263916016e-01,1.042942404747009277e+00,8.475307822227478027e-01,8.430828452110290527e-01,7.046685218811035156e-01,6.297955513000488281e-01,9.307985305786132812e-01,1.001308798789978027e+00,1.098493099212646484e+00,9.931648969650268555e-01,1.179933309555053711e+00,1.082145452499389648e+00,1.172241687774658203e+00,6.938881874084472656e-01,5.887780785560607910e-01,6.752020716667175293e-01,7.918298840522766113e-01,5.220621824264526367e-01,4.305309057235717773e-01,2.814656496047973633e-01,2.300462871789932251e-01,1.325753331184387207e-01,0.000000000000000000e+00,2.295119315385818481e-01,6.405926346778869629e-01,7.450372576713562012e-01,7.742648124694824219e-01,7.168514132499694824e-01,7.378289699554443359e-01,8.815813660621643066e-01,9.061264991760253906e-01,9.186068773269653320e-01,9.591069221496582031e-01,8.865424990653991699e-01,9.446861743927001953e-01,1.069277524948120117e+00,1.156772017478942871e+00,9.990411996841430664e-01,1.051385283470153809e+00,1.118604898452758789e+00,9.855228662490844727e-01,1.091597795486450195e+00
1.298231959342956543e+00,1.252057313919067383e+00,1.102718114852905273e+00,1.041780233383178711e+00,1.299717426300048828e+00,1.216527819633483887e+00,1.057783126831054688e+00,9.247819781303405762e-01,9.346963167190551758e-01,1.033784747123718262e+00,8.487887382507324219e-01,8.821170926094055176e-01,7.660994529724121094e-01,6.940070986747741699e-01,9.851090908050537109e-01,1.080412507057189941e+00,1.172101855278015137e+00,1.098001718521118164e+00,1.270848274230957031e+00,1.202533602714538574e+00,1.284899711608886719e+00,7.729587554931640625e-01,6.974502205848693848e-01,8.105177283287048340e-01,9.163674712181091309e-01,6.063205003738403320e-01,4.753715693950653076e-01,3.669981658458709717e-01,2.301157116889953613e-01,1.326544284820556641e-01,2.295119315385818481e-01,0.000000000000000000e+00,8.065947890281677246e-01,9.227206110954284668e-01,9.369676113128662109e-01,8.791413903236389160e-01,9.389027357101440430e-01,1.087519884109497070e+00,1.124559640884399414e+00,1.135480761528015137e+00,1.181645870208740234e+00,1.034408926963806152e+00,1.073250532150268555e+00,1.206160306930541992e+00,1.300949811935424805e+00,1.103697657585144043e+00,1.132906556129455566e+00,1.172368288040161133e+00,1.027275562286376953e+00,1.224337816238403320e+00
1.322666883468627930e+00,1.235111594200134277e+00,1.101387381553649902e+00,1.068893909454345703e+00,1.313590407371520996e+00,1.308737993240356445e+00,1.040278315544128418e+00,9.160166382789611816e-01,8.000144958496093750e-01,8.209211826324462891e-01,6.949328184127807617e-01,5.856204628944396973e-01,4.576860070228576660e-01,4.787943065166473389e-01,6.406919956207275391e-01,6.100167036056518555e-01,6.652097105979919434e-01,5.701826810836791992e-01,6.833103299140930176e-01,5.908354520797729492e-01,6.481313109397888184e-01,3.586275279521942139e-01,2.417401522397994995e-01,1.330958306789398193e-01,2.256747037172317505e-01,3.180457949638366699e-01,4.398687779903411865e-01,4.551978111267089844e-01,6.003433465957641602e-01,6.753895282745361328e-01,6.405926346778869629e-01,8.065947890281677246e-01,0.000000000000000000e+00,1.458257436752319336e-01,2.415040731430053711e-01,3.009155690670013428e-01,2.454127073287963867e-01,3.751519322395324707e-01,4.806386828422546387e-01,4.997544884681701660e-01,6.249108910560607910e-01,3.284993469715118408e-01,4.491616785526275635e-01,5.684484243392944336e-01,6.096274256706237793e-01,5.062631368637084961e-01,6.294448971748352051e-01,7.190150022506713867e-01,6.269565224647521973e-01,6.523759961128234863e-01
1.434318661689758301e+00,1.348841071128845215e+00,1.219838380813598633e+00,1.185983419418334961e+00,1.432774305343627930e+00,1.435867667198181152e+00,1.163405656814575195e+00,1.044670343399047852e+00,9.221436977386474609e-01,9.305936098098754883e-01,8.232526183128356934e-01,7.056149244308471680e-01,5.890440940856933594e-01,6.186534762382507324e-01,7.511609792709350586e-01,6.978152394294738770e-01,7.368984222412109375e-01,6.462020277976989746e-01,7.290921807289123535e-01,6.369506716728210449e-01,6.802861690521240234e-01,4.831337630748748779e-01,3.786286711692810059e-01,2.428078800439834595e-01,2.772603631019592285e-01,4.411212503910064697e-01,5.715404748916625977e-01,5.820736289024353027e-01,7.245241403579711914e-01,7.912992238998413086e-01,7.450371980667114258e-01,9.227205514907836914e-01,1.458253413438796997e-01,0.000000000000000000e+00,1.522693932056427002e-01,2.401457875967025757e-01,1.525513678789138794e-01,2.554072737693786621e-01,3.859289586544036865e-01,4.355449676513671875e-01,5.727080106735229492e-01,2.427226901054382324e-01,3.801671564579010010e-01,4.712652862071990967e-01,5.003169775009155273e-01,4.678298830986022949e-01,6.015861630439758301e-01,7.168760299682617188e-01,6.594508886337280273e-01,5.570011734962463379e-01
1.434819936752319336e+00,1.362242937088012695e+00,1.234057426452636719e+00,1.187224149703979492e+00,1.459117412567138672e+00,1.465776920318603516e+00,1.192992925643920898e+00,1.078796863555908203e+00,9.603063464164733887e-01,9.616698622703552246e-01,8.741396069526672363e-01,7.654384374618530273e-01,6.542061567306518555e-01,6.973471641540527344e-01,8.324683904647827148e-01,7.837380766868591309e-01,8.048255443572998047e-01,7.523266673088073730e-01,7.967354059219360352e-01,7.434887886047363281e-01,7.663090229034423828e-01,5.323795080184936523e-01,4.276485145092010498e-01,2.977378666400909424e-01,3.045857548713684082e-01,4.445153772830963135e-01,5.827994346618652344e-01,6.039127111434936523e-01,7.395721673965454102e-01,8.106245398521423340e-01,7.742647528648376465e-01,9.369675517082214355e-01,2.415043264627456665e-01,1.522693932056427002e-01,0.000000000000000000e+00,1.236099228262901306e-01,2.519306540489196777e-01,3.366675376892089844e-01,4.774625301361083984e-01,5.586345195770263672e-01,6.932425498962402344e-01,1.328515410423278809e-01,2.445682287216186523e-01,3.413071930408477783e-01,3.968050479888916016e-01,3.555986881256103516e-01,4.763171672821044922e-01,6.119545102119445801e-01,5.769149661064147949e-01,4.156469702720642090e-01
1.473332881927490234e+00,1.408295392990112305e+00,1.275033473968505859e+00,1.219115614891052246e+00,1.507297277450561523e+00,1.505783319473266602e+00,1.238686442375183105e+00,1.120080351829528809e+00,1.012717247009277344e+00,1.023227334022521973e+00,9.257026910781860352e-01,8.300195336341857910e-01,7.090657353401184082e-01,7.412548661231994629e-01,9.094796180725097656e-01,8.759969472885131836e-01,9.035285115242004395e-01,8.493974804878234863e-01,9.060397744178771973e-01,8.518849611282348633e-01,8.806213140487670898e-01,5.893971323966979980e-01,4.689162969589233398e-01,3.665851056575775146e-01,3.963803350925445557e-01,4.494583010673522949e-01,5.718440413475036621e-01,5.735654830932617188e-01,6.976060867309570312e-01,7.572674155235290527e-01,7.168514132499694824e-01,8.791413903236389160e-01,3.009155690670013428e-01,2.401457875967025757e-01,1.236099228262901306e-01,0.000000000000000000e+00,2.909771203994750977e-01,3.894452452659606934e-01,5.122128725051879883e-01,6.092428565025329590e-01,7.304227352142333984e-01,2.251887321472167969e-01,2.800904810428619385e-01,3.687252700328826904e-01,4.505802989006042480e-01,4.043502509593963623e-01,4.953273236751556396e-01,6.420370936393737793e-01,6.078040599822998047e-01,4.046453833580017090e-01
1.566709518432617188e+00,1.478520750999450684e+00,1.346160888671875000e+00,1.313854813575744629e+00,1.555776357650756836e+00,1.551268935203552246e+00,1.283206224441528320e+00,1.158650994300842285e+00,1.041177272796630859e+00,1.059096336364746094e+00,9.332208037376403809e-01,8.185012340545654297e-01,6.925594210624694824e-01,6.997942328453063965e-01,8.529835939407348633e-01,8.022400140762329102e-01,8.551384210586547852e-01,7.323762774467468262e-01,8.449048995971679688e-01,7.199423313140869141e-01,7.792226672172546387e-01,6.011630892753601074e-01,4.851388037204742432e-01,3.709276318550109863e-01,4.247609078884124756e-01,5.428802371025085449e-01,6.535055041313171387e-01,6.298602819442749023e-01,7.642136812210083008e-01,8.076658844947814941e-01,7.378289699554443359e-01,9.389027357101440430e-01,2.454127073287963867e-01,1.525513678789138794e-01,2.519306540489196777e-01,2.909771203994750977e-01,0.000000000000000000e+00,1.521902978420257568e-01,2.517273426055908203e-01,3.214250206947326660e-01,4.466057419776916504e-01,3.590882718563079834e-01,4.883249402046203613e-01,5.525226593017578125e-01,5.782756209373474121e-01,5.987088680267333984e-01,7.270063161849975586e-01,8.559139966964721680e-01,8.042351007461547852e-01,6.191802024841308594e-01
1.678787827491760254e+00,1.587077736854553223e+00,1.460339069366455078e+00,1.433170199394226074e+00,1.663893699645996094e+00,1.666917085647583008e+00,1.395867466926574707e+00,1.276366114616394043e+00,1.151188969612121582e+00,1.159498929977416992e+00,1.045801401138305664e+00,9.214920401573181152e-01,8.067907691001892090e-01,8.196486830711364746e-01,9.395002126693725586e-01,8.688765764236450195e-01,9.124207496643066406e-01,7.852994203567504883e-01,8.802859187126159668e-01,7.472497820854187012e-01,7.985103726387023926e-01,7.167463302612304688e-01,6.150198578834533691e-01,4.874702692031860352e-01,5.150982737541198730e-01,6.840811371803283691e-01,8.007684350013732910e-01,7.812768816947937012e-01,9.158111810684204102e-01,9.566598534584045410e-01,8.815813660621643066e-01,1.087519884109497070e+00,3.751519322395324707e-01,2.554072737693786621e-01,3.366675376892089844e-01,3.894452452659606934e-01,1.521902978420257568e-01,0.000000000000000000e+00,1.521487832069396973e-01,2.513005137443542480e-01,3.836955428123474121e-01,4.085735380649566650e-01,5.364693403244018555e-01,5.636547803878784180e-01,5.612080097198486328e-01,6.526873707771301270e-01,7.872088551521301270e-01,9.231036901473999023e-01,8.934739828109741211e-01,6.326980590820312500e-01
1.790133953094482422e+00,1.693508982658386230e+00,1.564692497253417969e+00,1.542019844055175781e+00,1.761584162712097168e+00,1.757909178733825684e+00,1.492130875587463379e+00,1.368417620658874512e+00,1.247364163398742676e+00,1.264189720153808594e+00,1.134301066398620605e+00,1.012650012969970703e+00,8.934401869773864746e-01,8.886587023735046387e-01,1.018448233604431152e+00,9.516768455505371094e-01,1.008689403533935547e+00,8.542269468307495117e-01,9.780328273773193359e-01,8.172171115875244141e-01,8.839923143386840820e-01,8.181217312812805176e-01,7.134099602699279785e-01,6.018521785736083984e-01,6.446387171745300293e-01,7.862592935562133789e-01,8.871262669563293457e-01,8.467762470245361328e-01,9.730274081230163574e-01,9.965763092041015625e-01,9.061264991760253906e-01,1.124559640884399414e+00,4.806386828422546387e-01,3.859289586544036865e-01,4.774625301361083984e-01,5.122128725051879883e-01,2.517273426055908203e-01,1.521487832069396973e-01,0.000000000000000000e+00,1.520206183195114136e-01,2.492344528436660767e-01,5.591244697570800781e-01,6.846846938133239746e-01,7.061982750892639160e-01,7.018980383872985840e-01,8.039309978485107422e-01,9.366126656532287598e-01,1.073619842529296875e+00,1.038570642471313477e+00,7.648777961730957031e-01
1.766882300376892090e+00,1.661334514617919922e+00,1.535451650619506836e+00,1.524067401885986328e+00,1.718005895614624023e+00,1.713041663169860840e+00,1.452687025070190430e+00,1.330084443092346191e+00,1.208790063858032227e+00,1.228918790817260742e+00,1.091590285301208496e+00,9.684597849845886230e-01,8.559446334838867188e-01,8.418595790863037109e-01,9.539508819580078125e-01,8.855187296867370605e-01,9.535086154937744141e-01,7.747845053672790527e-01,9.239020347595214844e-01,7.373352646827697754e-01,8.188433647155761719e-01,7.996346354484558105e-01,7.096361517906188965e-01,6.114487051963806152e-01,6.585162878036499023e-01,8.049350380897521973e-01,8.968280553817749023e-01,8.577695488929748535e-01,9.836965799331665039e-01,1.007951140403747559e+00,9.186069369316101074e-01,1.135480761528015137e+00,4.997544884681701660e-01,4.355449676513671875e-01,5.586345195770263672e-01,6.092428565025329590e-01,3.214250206947326660e-01,2.513005137443542480e-01,1.520206183195114136e-01,0.000000000000000000e+00,1.489533931016921997e-01,6.371043920516967773e-01,7.743858098983764648e-01,8.107401132583618164e-01,7.990575432777404785e-01,8.765547871589660645e-01,1.017047286033630371e+00,1.137861132621765137e+00,1.087094664573669434e+00,8.838977813720703125e-01
1.879508495330810547e+00,1.771068811416625977e+00,1.643601536750793457e+00,1.635170817375183105e+00,1.819897174835205078e+00,1.807994127273559570e+00,1.555022954940795898e+00,1.429461240768432617e+00,1.314352512359619141e+00,1.342432618141174316e+00,1.192301034927368164e+00,1.075135707855224609e+00,9.601243734359741211e-01,9.310399293899536133e-01,1.053081512451171875e+00,9.920442700386047363e-01,1.070077300071716309e+00,8.749190568923950195e-01,1.044355154037475586e+00,8.424985408782958984e-01,9.341489076614379883e-01,9.159178733825683594e-01,8.237659335136413574e-01,7.398753166198730469e-01,7.968538999557495117e-01,9.159971475601196289e-01,9.931255578994750977e-01,9.369944334030151367e-01,1.051951169967651367e+00,1.059853792190551758e+00,9.591069221496582031e-01,1.181645870208740234e+00,6.249108910560607910e-01,5.727080106735229492e-01,6.932425498962402344e-01,7.304227352142333984e-01,4.466057419776916504e-01,3.836955428123474121e-01,2.492344528436660767e-01,1.489533931016921997e-01,0.000000000000000000e+00,7.793174982070922852e-01,9.140297770500183105e-01,9.471434950828552246e-01,9.373711943626403809e-01,1.020860552787780762e+00,1.158933162689208984e+00,1.282240986824035645e+00,1.227713346481323242e+00,1.011935710906982422e+00
1.408593297004699707e+00,1.339328527450561523e+00,1.219769120216369629e+00,1.173209309577941895e+00,1.443492174148559570e+00,1.462513327598571777e+00,1.186937332153320312e+00,1.083903431892395020e+00,9.586960673332214355e-01,9.432361721992492676e-01,8.863611817359924316e-01,7.732270956039428711e-01,6.825852394104003906e-01,7.459387779235839844e-01,8.396925926208496094e-01,7.773733735084533691e-01,7.753840088844299316e-01,7.562198042869567871e-01,7.535353899002075195e-01,7.337552905082702637e-01,7.323878407478332520e-01,5.543873906135559082e-01,4.778497517108917236e-01,3.412621319293975830e-01,2.967468798160552979e-01,4.981387853622436523e-01,6.460601091384887695e-01,6.924399733543395996e-01,8.279745578765869141e-01,9.107620716094970703e-01,8.865424990653991699e-01,1.034408926963806152e+00,3.284993469715118408e-01,2.427226901054382324e-01,1.328515410423278809e-01,2.251887321472167969e-01,3.590882718563079834e-01,4.085735380649566650e-01,5.591244697570800781e-01,6.371043920516967773e-01,7.793174982070922852e-01,0.000000000000000000e+00,1.454299688339233398e-01,2.440573573112487793e-01,2.871373891830444336e-01,2.454073578119277954e-01,3.806057572364807129e-01,5.163774490356445312e-01,5.076774954795837402e-01,3.473205566406250000e-01
1.404801487922668457e+00,1.348971724510192871e+00,1.233218312263488770e+00,1.175801515579223633e+00,1.464078903198242188e+00,1.487214446067810059e+00,1.215796828269958496e+00,1.120191216468811035e+00,1.001386284828186035e+00,9.789386391639709473e-01,9.433622956275939941e-01,8.417106270790100098e-01,7.603344917297363281e-01,8.323082923889160156e-01,9.236000776290893555e-01,8.678507804870605469e-01,8.513461947441101074e-01,8.641635775566101074e-01,8.318836688995361328e-01,8.450675606727600098e-01,8.287070989608764648e-01,6.277128458023071289e-01,5.594397187232971191e-01,4.427303075790405273e-01,3.889465928077697754e-01,5.468667149543762207e-01,6.899671554565429688e-01,7.465578913688659668e-01,8.712131977081298828e-01,9.574660062789916992e-01,9.446861743927001953e-01,1.073250532150268555e+00,4.491616785526275635e-01,3.801671564579010010e-01,2.445682287216186523e-01,2.800904810428619385e-01,4.883249402046203613e-01,5.364693403244018555e-01,6.846846938133239746e-01,7.743858098983764648e-01,9.140297770500183105e-01,1.454299688339233398e-01,0.000000000000000000e+00,1.521899104118347168e-01,2.398601770401000977e-01,1.529536694288253784e-01,2.561364471912384033e-01,4.161093235015869141e-01,4.440227448940277100e-01,2.418577373027801514e-01
1.535413265228271484e+00,1.481857061386108398e+00,1.371297001838684082e+00,1.314319968223571777e+00,1.599521398544311523e+00,1.628341794013977051e+00,1.356630325317382812e+00,1.265256881713867188e+00,1.143393278121948242e+00,1.114148259162902832e+00,1.087768554687500000e+00,9.812827706336975098e-01,9.036651849746704102e-01,9.756757616996765137e-01,1.054436802864074707e+00,9.862621426582336426e-01,9.617400765419006348e-01,9.740315079689025879e-01,9.252027869224548340e-01,9.380583763122558594e-01,9.129998087882995605e-01,7.719204425811767578e-01,7.040907144546508789e-01,5.780395269393920898e-01,5.201177597045898438e-01,6.967564821243286133e-01,8.390500545501708984e-01,8.877596259117126465e-01,1.011259794235229492e+00,1.090516209602355957e+00,1.069277524948120117e+00,1.206160187721252441e+00,5.684484243392944336e-01,4.712652862071990967e-01,3.413071930408477783e-01,3.687252700328826904e-01,5.525226593017578125e-01,5.636547803878784180e-01,7.061982750892639160e-01,8.107401132583618164e-01,9.471434950828552246e-01,2.440573573112487793e-01,1.521899104118347168e-01,0.000000000000000000e+00,1.235959380865097046e-01,2.503023743629455566e-01,3.178669810295104980e-01,4.860741198062896729e-01,5.575385093688964844e-01,1.326184868812561035e-01
1.576158165931701660e+00,1.516826629638671875e+00,1.412538886070251465e+00,1.363842844963073730e+00,1.631992578506469727e+00,1.668424367904663086e+00,1.394169211387634277e+00,1.307754635810852051e+00,1.177924036979675293e+00,1.140208363533020020e+00,1.123657464981079102e+00,1.007786989212036133e+00,9.397659897804260254e-01,1.016104340553283691e+00,1.065985441207885742e+00,9.821990728378295898e-01,9.491270780563354492e-01,9.624300599098205566e-01,8.955327272415161133e-01,9.097199440002441406e-01,8.748832941055297852e-01,8.114134073257446289e-01,7.552127838134765625e-01,6.185472011566162109e-01,5.469664335250854492e-01,7.696900367736816406e-01,9.173372983932495117e-01,9.700388908386230469e-01,1.099972248077392578e+00,1.181438446044921875e+00,1.156772017478942871e+00,1.300949811935424805e+00,6.096274256706237793e-01,5.003169775009155273e-01,3.968050479888916016e-01,4.505802989006042480e-01,5.782756209373474121e-01,5.612080097198486328e-01,7.018980383872985840e-01,7.990575432777404785e-01,9.373711943626403809e-01,2.871373891830444336e-01,2.398601770401000977e-01,1.235959380865097046e-01,0.000000000000000000e+00,3.053282797336578369e-01,3.892247974872589111e-01,5.360381007194519043e-01,6.164693236351013184e-01,2.256519794464111328e-01
1.286538958549499512e+00,1.235399603843688965e+00,1.128187537193298340e+00,1.070702195167541504e+00,1.356499433517456055e+00,1.389354467391967773e+00,1.120416402816772461e+00,1.037296056747436523e+00,9.179327487945556641e-01,8.818793296813964844e-01,8.772634267807006836e-01,7.811546325683593750e-01,7.233604788780212402e-01,8.124812245368957520e-01,8.688526749610900879e-01,8.139285445213317871e-01,7.781902551651000977e-01,8.316162228584289551e-01,7.612425088882446289e-01,8.159824013710021973e-01,7.808527350425720215e-01,5.925239920616149902e-01,5.573257207870483398e-01,4.583229124546051025e-01,3.767509758472442627e-01,5.442699790000915527e-01,6.860638260841369629e-01,7.708734869956970215e-01,8.919214606285095215e-01,9.930921792984008789e-01,9.990411996841430664e-01,1.103697657585144043e+00,5.062631368637084961e-01,4.678298830986022949e-01,3.555986881256103516e-01,4.043502509593963623e-01,5.987088680267333984e-01,6.526873707771301270e-01,8.039309978485107422e-01,8.765547871589660645e-01,1.020860552787780762e+00,2.454073578119277954e-01,1.529536694288253784e-01,2.503023743629455566e-01,3.053282797336578369e-01,0.000000000000000000e+00,1.516763716936111450e-01,2.760862410068511963e-01,3.147180080413818359e-01,3.403013944625854492e-01
1.273366570472717285e+00,1.238994359970092773e+00,1.136321187019348145e+00,1.066549062728881836e+00,1.369785308837890625e+00,1.404080510139465332e+00,1.145686745643615723e+00,1.070949673652648926e+00,9.642505049705505371e-01,9.254368543624877930e-01,9.384643435478210449e-01,8.598861694335937500e-01,8.097140192985534668e-01,9.008728265762329102e-01,9.621831774711608887e-01,9.201364517211914062e-01,8.772034645080566406e-01,9.531244039535522461e-01,8.691602349281311035e-01,9.459998011589050293e-01,9.046180844306945801e-01,6.819114685058593750e-01,6.517682075500488281e-01,5.758403539657592773e-01,5.029112100601196289e-01,6.085553765296936035e-01,7.350504398345947266e-01,8.254306316375732422e-01,9.309970140457153320e-01,1.033206105232238770e+00,1.051385283470153809e+00,1.132906556129455566e+00,6.294448971748352051e-01,6.015861630439758301e-01,4.763171672821044922e-01,4.953273236751556396e-01,7.270063161849975586e-01,7.872088551521301270e-01,9.366126656532287598e-01,1.017047286033630371e+00,1.158933162689208984e+00,3.806057572364807129e-01,2.561364471912384033e-01,3.178667724132537842e-01,3.892249464988708496e-01,1.516763716936111450e-01,0.000000000000000000e+00,1.803735047578811646e-01,2.772147655487060547e-01,3.587689399719238281e-01
1.130773305892944336e+00,1.105229735374450684e+00,1.015132665634155273e+00,9.446663856506347656e-01,1.242516279220581055e+00,1.287274956703186035e+00,1.038802266120910645e+00,9.821786880493164062e-01,8.816323280334472656e-01,8.286470770835876465e-01,8.798039555549621582e-01,8.158412575721740723e-01,7.950963973999023438e-01,8.987406492233276367e-01,9.230207800865173340e-01,8.887888193130493164e-01,8.283043503761291504e-01,9.457868933677673340e-01,8.292250633239746094e-01,9.469828009605407715e-01,8.906221985816955566e-01,6.799107193946838379e-01,6.855823397636413574e-01,6.361452341079711914e-01,5.521880388259887695e-01,6.430041193962097168e-01,7.557926774024963379e-01,8.702978491783142090e-01,9.667983651161193848e-01,1.081259727478027344e+00,1.118604898452758789e+00,1.172368288040161133e+00,7.190150022506713867e-01,7.168760895729064941e-01,6.119546294212341309e-01,6.420370936393737793e-01,8.559139966964721680e-01,9.231036901473999023e-01,1.073619842529296875e+00,1.137861132621765137e+00,1.282240986824035645e+00,5.163774490356445312e-01,4.161093235015869141e-01,4.860742390155792236e-01,5.360379815101623535e-01,2.760862410068511963e-01,1.803735047578811646e-01,0.000000000000000000e+00,1.790068596601486206e-01,5.353677272796630859e-01
9.970889687538146973e-01,9.636108875274658203e-01,8.614330291748046875e-01,7.905154228210449219e-01,1.096065402030944824e+00,1.130758166313171387e+00,8.779462575912475586e-01,8.123341798782348633e-01,7.152238488197326660e-01,6.735807657241821289e-01,7.103090882301330566e-01,6.562910676002502441e-01,6.350926756858825684e-01,7.374939918518066406e-01,7.753820419311523438e-01,7.612171769142150879e-01,7.148931026458740234e-01,8.285557031631469727e-01,7.414918541908264160e-01,8.519567847251892090e-01,8.107958436012268066e-01,5.269482135772705078e-01,5.446290969848632812e-01,5.262485146522521973e-01,4.562412798404693604e-01,4.962756335735321045e-01,5.979519486427307129e-01,7.242774963378906250e-01,8.171914219856262207e-01,9.383261799812316895e-01,9.855228662490844727e-01,1.027275562286376953e+00,6.269565224647521973e-01,6.594510078430175781e-01,5.769150853157043457e-01,6.078040599822998047e-01,8.042351007461547852e-01,8.934739828109741211e-01,1.038570642471313477e+00,1.087094664573669434e+00,1.227713346481323242e+00,5.076774954795837402e-01,4.440227448940277100e-01,5.575386285781860352e-01,6.164694428443908691e-01,3.147180080413818359e-01,2.772147655487060547e-01,1.790068596601486206e-01,0.000000000000000000e+00,6.193804144859313965e-01
1.610596418380737305e+00,1.565351963043212891e+00,1.452514410018920898e+00,1.387239933013916016e+00,1.686875104904174805e+00,1.711442470550537109e+00,1.443938732147216797e+00,1.350882649421691895e+00,1.236528873443603516e+00,1.211904764175415039e+00,1.181644201278686523e+00,1.083031773567199707e+00,9.988687634468078613e-01,1.065328598022460938e+00,1.164965391159057617e+00,1.105089545249938965e+00,1.084012985229492188e+00,1.094803333282470703e+00,1.053120613098144531e+00,1.064303278923034668e+00,1.043053865432739258e+00,8.663327097892761230e-01,7.879243493080139160e-01,6.713789701461791992e-01,6.271923780441284180e-01,7.598875164985656738e-01,8.926728367805480957e-01,9.306949377059936523e-01,1.044006347656250000e+00,1.114649772644042969e+00,1.091597676277160645e+00,1.224337697029113770e+00,6.523759961128234863e-01,5.570011734962463379e-01,4.156469702720642090e-01,4.046453833580017090e-01,6.191802024841308594e-01,6.326980590820312500e-01,7.648777961730957031e-01,8.838977813720703125e-01,1.011935710906982422e+00,3.473205566406250000e-01,2.418577373027801514e-01,1.326184868812561035e-01,2.256519794464111328e-01,3.403013944625854492e-01,3.587687909603118896e-01,5.353678464889526367e-01,6.193804740905761719e-01,0.000000000000000000e+00
